id,first_name,last_name,email
1,Carena,Soutar,csoutar0@si.edu
2,Giffy,Pepys,gpepys1@1688.com
3,Karly,Vedyaev,kvedyaev2@cbslocal.com
4,Reggie,Bach,rbach3@sitemeter.com
5,Madelin,Hartnell,mhartnell4@nhs.uk
6,Falito,Rossbrooke,frossbrooke5@opensource.org
7,Maximilian,Deeprose,mdeeprose6@wix.com
8,Vonni,Ander,vander7@storify.com
9,Claudina,Harg,charg8@alibaba.com
10,Anabelle,Trasler,atrasler9@list-manage.com
11,Marty,Seebert,mseeberta@state.gov
12,Jeddy,Draijer,jdraijerb@gravatar.com
13,Edee,Tomczykiewicz,etomczykiewiczc@cdc.gov
14,Dynah,Eckart,deckartd@blogs.com
15,Bibby,Juleff,bjuleffe@about.me
16,Neale,Chiverstone,nchiverstonef@microsoft.com
17,Darren,Slimm,dslimmg@angelfire.com
18,Veronike,Sugars,vsugarsh@archive.org
19,Minda,Plant,mplanti@xinhuanet.com
20,Hunter,Orrow,horrowj@cnbc.com
21,Robena,Dodsworth,rdodsworthk@japanpost.jp
22,Jamill,Perchard,jperchardl@mashable.com
23,Charita,Raccio,cracciom@dot.gov
24,Anallise,De Paepe,adepaepen@msu.edu
25,Jerry,Botfield,jbotfieldo@webeden.co.uk
26,Sasha,Rollett,srollettp@ebay.co.uk
27,Keith,Habershon,khabershonq@phoca.cz
28,Gratiana,Earl,gearlr@rambler.ru
29,Millie,Dudderidge,mdudderidges@eventbrite.com
30,Lisabeth,Aburrow,laburrowt@altervista.org
31,Basilio,Crissil,bcrissilu@umich.edu
32,Rebekah,Osbiston,rosbistonv@geocities.com
33,Marisa,Pavel,mpavelw@elpais.com
34,Meredithe,Overington,moveringtonx@china.com.cn
35,Aubree,Rablan,arablany@earthlink.net
36,Janina,Boulter,jboulterz@msn.com
37,Jehu,Cusworth,jcusworth10@digg.com
38,Ludvig,Winchester,lwinchester11@eepurl.com
39,Alden,Causton,acauston12@chron.com
40,Nikolaos,Breakspear,nbreakspear13@ask.com
41,Reginauld,Wooddisse,rwooddisse14@devhub.com
42,Thornton,Herrema,therrema15@rambler.ru
43,Prescott,Crosfield,pcrosfield16@google.it
44,Gerianne,Di Gregorio,gdigregorio17@imgur.com
45,Gabriel,Malim,gmalim18@dion.ne.jp
46,Derward,Janse,djanse19@toplist.cz
47,Carmella,Gauchier,cgauchier1a@utexas.edu
48,Wynn,Tarbin,wtarbin1b@yale.edu
49,Alvin,Berthel,aberthel1c@ocn.ne.jp
50,Keelby,Menezes,kmenezes1d@ifeng.com
51,Saudra,Neely,sneely1e@indiatimes.com
52,Delphinia,Neylon,dneylon1f@pagesperso-orange.fr
53,Ruben,Waddy,rwaddy1g@slate.com
54,Pier,Brereton,pbrereton1h@behance.net
55,Hilde,Bangley,hbangley1i@marketwatch.com
56,Ambrose,Coventry,acoventry1j@etsy.com
57,Denny,McKeever,dmckeever1k@slashdot.org
58,Nelie,Galler,ngaller1l@jalbum.net
59,Stefan,Mart,smart1m@cnn.com
60,Rikki,Lanktree,rlanktree1n@sina.com.cn
61,Teddi,Di Lucia,tdilucia1o@de.vu
62,Bevan,Loudon,bloudon1p@redcross.org
63,Michal,Gonnard,mgonnard1q@dailymotion.com
64,Bronson,Van Oord,bvanoord1r@wordpress.com
65,Hetti,Villaron,hvillaron1s@opera.com
66,Gussi,Dressel,gdressel1t@wordpress.org
67,Joey,Koenen,jkoenen1u@sphinn.com
68,Winni,Gloy,wgloy1v@freewebs.com
69,Sibella,Bohl,sbohl1w@foxnews.com
70,Jabez,Ashbolt,jashbolt1x@wikipedia.org
71,Angelia,Snell,asnell1y@reuters.com
72,Jobye,Fruen,jfruen1z@seattletimes.com
73,Euell,Angelo,eangelo20@domainmarket.com
74,Rowen,Izakoff,rizakoff21@rambler.ru
75,Thorny,Doddridge,tdoddridge22@lulu.com
76,Bordy,Panas,bpanas23@tmall.com
77,Roanna,Boldero,rboldero24@nbcnews.com
78,Stevie,Ferrea,sferrea25@ucoz.ru
79,Consalve,Edgett,cedgett26@about.me
80,Sada,Ivison,sivison27@ow.ly
81,Eddie,Colebrook,ecolebrook28@issuu.com
82,Armstrong,Mangion,amangion29@gravatar.com
83,Zea,Mazin,zmazin2a@tripod.com
84,Linus,Innocent,linnocent2b@businesswire.com
85,Kristel,Sheards,ksheards2c@linkedin.com
86,Bari,Polini,bpolini2d@umn.edu
87,Nicol,Dundridge,ndundridge2e@deliciousdays.com
88,Taryn,Jelf,tjelf2f@people.com.cn
89,Cecile,Woodford,cwoodford2g@cornell.edu
90,Jayme,Readett,jreadett2h@home.pl
91,Alix,Wims,awims2i@mozilla.org
92,Fawnia,Paolucci,fpaolucci2j@google.com.hk
93,Sue,Paddington,spaddington2k@tinypic.com
94,Cherri,Wolton,cwolton2l@prnewswire.com
95,Gamaliel,Malkinson,gmalkinson2m@theglobeandmail.com
96,Guss,Holliar,gholliar2n@blog.com
97,Estrella,Eich,eeich2o@de.vu
98,Dael,Deekes,ddeekes2p@latimes.com
99,Ulla,Gabbot,ugabbot2q@seesaa.net
100,Cory,Fishe,cfishe2r@slashdot.org
101,Dougie,Matitiaho,dmatitiaho2s@ow.ly
102,Zachary,Joyson,zjoyson2t@networkadvertising.org
103,Hyacinthie,Searsby,hsearsby2u@pbs.org
104,Fowler,Bocken,fbocken2v@businesswire.com
105,Rorie,Gow,rgow2w@facebook.com
106,Jerrie,D'Hooghe,jdhooghe2x@cdc.gov
107,Jorge,Valencia,jvalencia2y@chronoengine.com
108,Alyson,McAllen,amcallen2z@123-reg.co.uk
109,Ginni,Hearsey,ghearsey30@moonfruit.com
110,Audy,Jeanes,ajeanes31@exblog.jp
111,Darrel,Bassill,dbassill32@booking.com
112,Ave,Shelp,ashelp33@cbslocal.com
113,Cirillo,Vescovini,cvescovini34@geocities.jp
114,Averil,Absolon,aabsolon35@unesco.org
115,Hilliary,Cluff,hcluff36@phoca.cz
116,Garrett,Gildroy,ggildroy37@stanford.edu
117,Nicola,Hardy,nhardy38@stanford.edu
118,Elliott,Searston,esearston39@kickstarter.com
119,Zea,Goggey,zgoggey3a@free.fr
120,Chrystal,Bricksey,cbricksey3b@yahoo.com
121,Jervis,Phlippsen,jphlippsen3c@multiply.com
122,Lisbeth,Mirfin,lmirfin3d@senate.gov
123,Quincy,McDonell,qmcdonell3e@soundcloud.com
124,Cleo,Rouke,crouke3f@cnbc.com
125,Carmela,Wallman,cwallman3g@posterous.com
126,Brigit,Hegden,bhegden3h@shop-pro.jp
127,Talia,O'Spellissey,tospellissey3i@desdev.cn
128,Geralda,Caze,gcaze3j@g.co
129,Ketty,Goodered,kgoodered3k@ed.gov
130,Cornall,Bicheno,cbicheno3l@webeden.co.uk
131,Dayna,Ditchburn,dditchburn3m@rambler.ru
132,Frederique,Tomasz,ftomasz3n@mac.com
133,Sheela,Pennoni,spennoni3o@t-online.de
134,Daune,Linnitt,dlinnitt3p@meetup.com
135,Edvard,Kinnier,ekinnier3q@reddit.com
136,Courtenay,Ciccottini,cciccottini3r@prnewswire.com
137,Celia,Davidi,cdavidi3s@bravesites.com
138,Rickard,Pigrome,rpigrome3t@vistaprint.com
139,Ivonne,Conew,iconew3u@list-manage.com
140,Oran,Furminger,ofurminger3v@hao123.com
141,Beck,Oliff,boliff3w@purevolume.com
142,Ermengarde,Frankton,efrankton3x@ifeng.com
143,Dagny,Tunmore,dtunmore3y@sphinn.com
144,Leslie,MacAvddy,lmacavddy3z@tiny.cc
145,Constantina,Flaonier,cflaonier40@hugedomains.com
146,Benedikta,Aickin,baickin41@netlog.com
147,Mady,Atack,matack42@hibu.com
148,Karlie,Padson,kpadson43@123-reg.co.uk
149,Merrili,Bousquet,mbousquet44@irs.gov
150,Martino,Greatbank,mgreatbank45@forbes.com
151,Jeramey,Sutterby,jsutterby46@spotify.com
152,Seymour,Pontain,spontain47@psu.edu
153,Mortie,Gribble,mgribble48@dedecms.com
154,Zorine,Kaasmann,zkaasmann49@squidoo.com
155,Wash,Ogle,wogle4a@businessinsider.com
156,Dusty,Bellinger,dbellinger4b@wunderground.com
157,Dalt,Sigert,dsigert4c@imdb.com
158,Judas,Philippet,jphilippet4d@e-recht24.de
159,Marj,MacGiffin,mmacgiffin4e@xrea.com
160,Mahala,Bault,mbault4f@ucla.edu
161,Lorrin,Pease,lpease4g@photobucket.com
162,Clint,Dondon,cdondon4h@arstechnica.com
163,Quent,Dwelley,qdwelley4i@goo.gl
164,Lucais,Hazelgrove,lhazelgrove4j@who.int
165,Wilmar,Absolem,wabsolem4k@wix.com
166,Gonzalo,Orbine,gorbine4l@spotify.com
167,Dael,Arbor,darbor4m@delicious.com
168,Cameron,Illes,cilles4n@rediff.com
169,Peirce,Jeans,pjeans4o@imageshack.us
170,Seka,Vedeniktov,svedeniktov4p@ca.gov
171,Susanna,Grenter,sgrenter4q@usatoday.com
172,Alia,Munt,amunt4r@live.com
173,Lydia,Eddicott,leddicott4s@live.com
174,Annalee,Flanders,aflanders4t@cloudflare.com
175,Marylee,Harrell,mharrell4u@mapy.cz
176,Tybie,Dyter,tdyter4v@jiathis.com
177,Sean,Milkin,smilkin4w@youtu.be
178,Sarine,Rillstone,srillstone4x@indiegogo.com
179,Roddie,Scarre,rscarre4y@goo.ne.jp
180,Marcy,Turnell,mturnell4z@cbsnews.com
181,Juliet,Vere,jvere50@tumblr.com
182,Allsun,Christmas,achristmas51@xinhuanet.com
183,Deloris,Salsbury,dsalsbury52@bloglines.com
184,Florence,Darell,fdarell53@answers.com
185,Roanna,Sirmond,rsirmond54@springer.com
186,Welby,Francomb,wfrancomb55@intel.com
187,Haslett,Moorhead,hmoorhead56@scientificamerican.com
188,Aura,Barenski,abarenski57@usda.gov
189,Adriaens,Smetoun,asmetoun58@soup.io
190,Jordana,Pentland,jpentland59@etsy.com
191,Adrianne,Calbert,acalbert5a@photobucket.com
192,Karilynn,Binfield,kbinfield5b@blinklist.com
193,Ardelle,Jevons,ajevons5c@microsoft.com
194,Remus,O'Sullivan,rosullivan5d@stanford.edu
195,Garland,Sawbridge,gsawbridge5e@alibaba.com
196,Mehetabel,Mullan,mmullan5f@so-net.ne.jp
197,Ives,Slowgrove,islowgrove5g@domainmarket.com
198,Doro,Olijve,dolijve5h@ft.com
199,Keely,Simanenko,ksimanenko5i@latimes.com
200,Clarette,Tyreman,ctyreman5j@bigcartel.com
201,Johann,Darke,jdarke5k@php.net
202,Myca,Mariel,mmariel5l@howstuffworks.com
203,Marco,Edards,medards5m@tumblr.com
204,Frankie,Liversidge,fliversidge5n@bloomberg.com
205,Alana,Hardern,ahardern5o@desdev.cn
206,Charo,Crann,ccrann5p@tinypic.com
207,Jacinda,Glyssanne,jglyssanne5q@amazonaws.com
208,Farand,Rivelon,frivelon5r@ox.ac.uk
209,Kimberli,Millwater,kmillwater5s@buzzfeed.com
210,Sharl,Robben,srobben5t@auda.org.au
211,Marilyn,Kelleher,mkelleher5u@issuu.com
212,Prentiss,Thompsett,pthompsett5v@msu.edu
213,Lloyd,Coulthard,lcoulthard5w@time.com
214,Jillie,Hayler,jhayler5x@archive.org
215,Rita,Tolcher,rtolcher5y@netvibes.com
216,Marlie,Moorton,mmoorton5z@mozilla.com
217,Jacynth,Rodway,jrodway60@last.fm
218,Valaria,Allanson,vallanson61@mlb.com
219,Cinderella,Womack,cwomack62@yahoo.co.jp
220,Sinclair,Troake,stroake63@tripadvisor.com
221,Hazel,Chevis,hchevis64@biglobe.ne.jp
222,Kettie,Denisevich,kdenisevich65@last.fm
223,Geneva,Schaffler,gschaffler66@dot.gov
224,Sander,Skin,sskin67@freewebs.com
225,Rufus,Geffcock,rgeffcock68@google.com.au
226,Bertie,Norval,bnorval69@t.co
227,Cayla,Watsam,cwatsam6a@cdc.gov
228,Analiese,Olyfant,aolyfant6b@senate.gov
229,Arluene,Esel,aesel6c@nifty.com
230,Holly,Shurmore,hshurmore6d@mlb.com
231,Kerk,Doonican,kdoonican6e@springer.com
232,Junie,Van Arsdale,jvanarsdale6f@webnode.com
233,Celestia,Goadby,cgoadby6g@ning.com
234,Joceline,Godball,jgodball6h@time.com
235,Stace,Gerish,sgerish6i@amazon.de
236,Kimball,Trustey,ktrustey6j@jalbum.net
237,Kimberlyn,Tosney,ktosney6k@redcross.org
238,Kirstyn,Gowland,kgowland6l@ebay.co.uk
239,Chucho,Glyne,cglyne6m@moonfruit.com
240,Ilise,Barrs,ibarrs6n@geocities.com
241,Ruthi,Christofor,rchristofor6o@marketwatch.com
242,Keelia,Estable,kestable6p@blogs.com
243,Philippe,Allberry,pallberry6q@twitter.com
244,Bertrando,Keeting,bkeeting6r@msn.com
245,Gabriela,Fransewich,gfransewich6s@a8.net
246,Inna,Robers,irobers6t@weibo.com
247,Leupold,Gounot,lgounot6u@psu.edu
248,Lucille,Wanderschek,lwanderschek6v@cdbaby.com
249,Galvin,Horsey,ghorsey6w@nhs.uk
250,Nalani,Philliskirk,nphilliskirk6x@bbb.org
251,Emmy,Townsley,etownsley6y@thetimes.co.uk
252,Danita,Sahnow,dsahnow6z@trellian.com
253,Thebault,Bourne,tbourne70@nih.gov
254,Melonie,Farloe,mfarloe71@virginia.edu
255,Jed,Jenney,jjenney72@csmonitor.com
256,Luella,MacCrackan,lmaccrackan73@smh.com.au
257,Rodolph,Nare,rnare74@dailymail.co.uk
258,Mitch,Wallworth,mwallworth75@google.com.hk
259,Julee,Lent,jlent76@earthlink.net
260,Loni,Churn,lchurn77@usa.gov
261,Erl,Whoolehan,ewhoolehan78@mashable.com
262,Gustave,Yarmouth,gyarmouth79@yale.edu
263,Tiler,Worms,tworms7a@theglobeandmail.com
264,Carri,Dugmore,cdugmore7b@shutterfly.com
265,Conrade,D'Ambrosio,cdambrosio7c@amazon.co.uk
266,Jenifer,Caile,jcaile7d@usda.gov
267,Tobye,Gentsch,tgentsch7e@jugem.jp
268,Esdras,Littlefair,elittlefair7f@huffingtonpost.com
269,Guinna,Fitchell,gfitchell7g@yahoo.co.jp
270,Constantino,Deevey,cdeevey7h@chron.com
271,Roarke,Dalglish,rdalglish7i@cbc.ca
272,Vilhelmina,Churms,vchurms7j@eventbrite.com
273,Eal,Devitt,edevitt7k@marketwatch.com
274,Carson,Kleisle,ckleisle7l@nydailynews.com
275,Ethe,Vidineev,evidineev7m@reverbnation.com
276,Tami,Matten,tmatten7n@tmall.com
277,Lawton,Mundwell,lmundwell7o@springer.com
278,Ennis,Truse,etruse7p@yellowpages.com
279,Forbes,Faux,ffaux7q@usgs.gov
280,Trixi,Maddyson,tmaddyson7r@bbc.co.uk
281,Atlante,Ramey,aramey7s@sun.com
282,Miles,Bollis,mbollis7t@globo.com
283,Torrence,Vassbender,tvassbender7u@hp.com
284,Roosevelt,Eager,reager7v@dailymail.co.uk
285,Bernardine,Corrigan,bcorrigan7w@bluehost.com
286,Friedrick,Fumagallo,ffumagallo7x@house.gov
287,Simona,Tenbrug,stenbrug7y@buzzfeed.com
288,Nolan,Darrach,ndarrach7z@linkedin.com
289,Janine,Toovey,jtoovey80@ca.gov
290,Ronald,Kunzler,rkunzler81@cmu.edu
291,Erik,Smalman,esmalman82@accuweather.com
292,Gillan,Siggins,gsiggins83@drupal.org
293,Diane,Rickcord,drickcord84@fotki.com
294,Larine,Cooch,lcooch85@blogtalkradio.com
295,Lianna,McGlew,lmcglew86@weather.com
296,Fredrika,Mariotte,fmariotte87@apple.com
297,Dorie,Murr,dmurr88@phpbb.com
298,Yolane,Cushion,ycushion89@joomla.org
299,Lannie,Redley,lredley8a@businessinsider.com
300,Haze,Tripet,htripet8b@eepurl.com
301,Annissa,Leeman,aleeman8c@sfgate.com
302,Lamar,Caudray,lcaudray8d@mail.ru
303,Jessee,Alcido,jalcido8e@sciencedaily.com
304,Imelda,Derl,iderl8f@networksolutions.com
305,Chan,Mowday,cmowday8g@hugedomains.com
306,Janet,Waight,jwaight8h@cnn.com
307,Thorny,Stockings,tstockings8i@msn.com
308,Filberto,Fyfield,ffyfield8j@nytimes.com
309,Madlen,Lambswood,mlambswood8k@uol.com.br
310,Carree,Garrould,cgarrould8l@howstuffworks.com
311,Valle,Clappson,vclappson8m@loc.gov
312,Dulcy,Isaacs,disaacs8n@narod.ru
313,Elsie,Gadault,egadault8o@rambler.ru
314,Bradford,Copcott,bcopcott8p@e-recht24.de
315,Darrick,Floweth,dfloweth8q@odnoklassniki.ru
316,Abbott,Blofeld,ablofeld8r@springer.com
317,Karoly,Westmancoat,kwestmancoat8s@china.com.cn
318,Marni,Bilborough,mbilborough8t@webs.com
319,Mozes,Kulis,mkulis8u@thetimes.co.uk
320,Alameda,Gert,agert8v@stumbleupon.com
321,Huey,Blanchflower,hblanchflower8w@over-blog.com
322,Edmon,Rhydderch,erhydderch8x@addthis.com
323,Otho,Muldoon,omuldoon8y@myspace.com
324,Marin,Brewerton,mbrewerton8z@dell.com
325,Cindee,Gontier,cgontier90@shutterfly.com
326,Myrlene,Allans,mallans91@tinypic.com
327,Glyn,Jorn,gjorn92@sphinn.com
328,Jamal,Borg-Bartolo,jborgbartolo93@imdb.com
329,Gloriane,Tee,gtee94@artisteer.com
330,Blithe,Petyankin,bpetyankin95@boston.com
331,Kattie,Bunting,kbunting96@barnesandnoble.com
332,Fidelia,Kaye,fkaye97@webeden.co.uk
333,Shelley,Kibard,skibard98@dedecms.com
334,Gaultiero,Denisyuk,gdenisyuk99@amazon.co.uk
335,Kendall,Skelcher,kskelcher9a@lulu.com
336,Tiffanie,Grabban,tgrabban9b@behance.net
337,Randie,Zute,rzute9c@vimeo.com
338,Kalli,Canero,kcanero9d@a8.net
339,Chery,Tebbett,ctebbett9e@github.io
340,Schuyler,Oels,soels9f@com.com
341,Larina,L'Hommeau,llhommeau9g@1und1.de
342,Arch,Bercher,abercher9h@guardian.co.uk
343,Weber,Kidsley,wkidsley9i@howstuffworks.com
344,Elly,Dybald,edybald9j@trellian.com
345,Mohammed,McGooch,mmcgooch9k@auda.org.au
346,Franz,Lupson,flupson9l@samsung.com
347,Kay,Frigot,kfrigot9m@topsy.com
348,Rozamond,Breens,rbreens9n@free.fr
349,Aarika,Le Count,alecount9o@mail.ru
350,Gorden,Bartosiak,gbartosiak9p@alexa.com
351,Tess,Atkirk,tatkirk9q@nature.com
352,Tove,Densun,tdensun9r@cisco.com
353,Rupert,Wasselin,rwasselin9s@msn.com
354,Rosalyn,Kemmer,rkemmer9t@com.com
355,Lacey,Denk,ldenk9u@usgs.gov
356,Diane,Farrears,dfarrears9v@omniture.com
357,Ceil,Bartolijn,cbartolijn9w@php.net
358,Barron,Avrahamoff,bavrahamoff9x@wikimedia.org
359,Hughie,Hazelby,hhazelby9y@prweb.com
360,Vinny,Kemmet,vkemmet9z@woothemes.com
361,Fawnia,Raddenbury,fraddenburya0@bbc.co.uk
362,Davon,Kroch,dkrocha1@elpais.com
363,Sascha,Astill,sastilla2@dyndns.org
364,Sergent,Karys,skarysa3@alexa.com
365,Yulma,Munning,ymunninga4@ucoz.ru
366,Koenraad,Twigger,ktwiggera5@sogou.com
367,Lillis,Kobierra,lkobierraa6@theglobeandmail.com
368,Margaret,Colombier,mcolombiera7@hostgator.com
369,Johan,Kellen,jkellena8@facebook.com
370,Melody,Stanistreet,mstanistreeta9@google.ca
371,Brendis,Aishford,baishfordaa@omniture.com
372,Halley,Domney,hdomneyab@house.gov
373,Vincents,Ransome,vransomeac@last.fm
374,Dannie,Farra,dfarraad@disqus.com
375,Audy,Thon,athonae@yale.edu
376,Angelle,Paff,apaffaf@livejournal.com
377,Francisco,Sircombe,fsircombeag@typepad.com
378,Betteanne,Lexa,blexaah@mysql.com
379,Helsa,Bricknall,hbricknallai@kickstarter.com
380,Moore,Pranger,mprangeraj@deliciousdays.com
381,Clair,Blackbrough,cblackbroughak@census.gov
382,Laura,Kiffe,lkiffeal@ox.ac.uk
383,Bjorn,Maffulli,bmaffulliam@walmart.com
384,Elspeth,Killingbeck,ekillingbeckan@infoseek.co.jp
385,Jodi,Paterno,jpaternoao@ow.ly
386,Wyndham,Higgoe,whiggoeap@usa.gov
387,Toni,Wann,twannaq@apache.org
388,Virgie,Simakov,vsimakovar@omniture.com
389,Kynthia,De Michetti,kdemichettias@dailymotion.com
390,Meryl,Halewood,mhalewoodat@who.int
391,Tina,Basnall,tbasnallau@wordpress.org
392,Sebastiano,Scopes,sscopesav@infoseek.co.jp
393,Gerianne,Gallamore,ggallamoreaw@apple.com
394,Trudy,Sallenger,tsallengerax@netlog.com
395,Edmon,Scamel,escamelay@businesswire.com
396,Gil,Nowland,gnowlandaz@hexun.com
397,Binni,Delyth,bdelythb0@photobucket.com
398,Claudelle,Adriaan,cadriaanb1@miibeian.gov.cn
399,Cullin,Halliwell,challiwellb2@hatena.ne.jp
400,Valentin,Boyd,vboydb3@hexun.com
401,Freeman,Crolla,fcrollab4@angelfire.com
402,Giorgia,Varrow,gvarrowb5@deviantart.com
403,Emlyn,Harold,eharoldb6@xinhuanet.com
404,Juliann,Mortel,jmortelb7@prlog.org
405,Lev,Jakeway,ljakewayb8@free.fr
406,Joscelin,Whiteway,jwhitewayb9@house.gov
407,Dun,Vickress,dvickressba@dropbox.com
408,Whitney,Squeers,wsqueersbb@tripod.com
409,Gilles,Meiningen,gmeiningenbc@vistaprint.com
410,Donelle,Cogman,dcogmanbd@latimes.com
411,Monty,Spawell,mspawellbe@samsung.com
412,Abner,Seiffert,aseiffertbf@cnet.com
413,Jany,Coleby,jcolebybg@statcounter.com
414,Siobhan,Deluze,sdeluzebh@technorati.com
415,Mariele,Mulran,mmulranbi@theglobeandmail.com
416,Ambur,Tiddeman,atiddemanbj@github.com
417,Goraud,Palatini,gpalatinibk@noaa.gov
418,Camile,Damp,cdampbl@indiegogo.com
419,Dede,Lillywhite,dlillywhitebm@sciencedaily.com
420,Denys,Giottini,dgiottinibn@stumbleupon.com
421,Carlynne,Calway,ccalwaybo@discovery.com
422,Eugen,Heinert,eheinertbp@tumblr.com
423,Nicoline,Heritege,nheritegebq@nifty.com
424,Ronni,Blaine,rblainebr@google.nl
425,Davidson,Wardel,dwardelbs@theguardian.com
426,Winnie,Taudevin,wtaudevinbt@tripadvisor.com
427,Goraud,Moyers,gmoyersbu@blinklist.com
428,Elset,Geany,egeanybv@economist.com
429,Josefina,Henstridge,jhenstridgebw@samsung.com
430,Lane,Ascraft,lascraftbx@prlog.org
431,Griffy,Tweddle,gtweddleby@sun.com
432,Filberto,Northin,fnorthinbz@apple.com
433,Suki,Carbert,scarbertc0@cam.ac.uk
434,Durant,Oliver,doliverc1@smugmug.com
435,Tove,Denslow,tdenslowc2@hugedomains.com
436,Dorine,Thewles,dthewlesc3@jigsy.com
437,Inez,Eastwell,ieastwellc4@senate.gov
438,Tiffanie,Darlison,tdarlisonc5@privacy.gov.au
439,Vidovik,Tsarovic,vtsarovicc6@spotify.com
440,Brittney,Stenet,bstenetc7@seattletimes.com
441,Dorothee,Leighton,dleightonc8@vkontakte.ru
442,Evey,Franckton,efrancktonc9@networksolutions.com
443,Bethanne,Ville,bvilleca@springer.com
444,Marissa,Klaussen,mklaussencb@alexa.com
445,Gardy,Phippard,gphippardcc@mozilla.org
446,Rosie,Tyas,rtyascd@time.com
447,Temple,Fluger,tflugerce@huffingtonpost.com
448,Reiko,Hawler,rhawlercf@1688.com
449,Beatrice,Hedger,bhedgercg@sun.com
450,Bunni,Ubsdale,bubsdalech@flickr.com
451,Fanechka,McIlory,fmciloryci@networksolutions.com
452,Devin,Benda,dbendacj@kickstarter.com
453,Stefania,Bahl,sbahlck@senate.gov
454,Royal,Foyston,rfoystoncl@dropbox.com
455,Coletta,Conquer,cconquercm@ifeng.com
456,Pia,Enderlein,penderleincn@bigcartel.com
457,Darren,Ionesco,dionescoco@wp.com
458,Lutero,Lasslett,llasslettcp@over-blog.com
459,Oates,Snowman,osnowmancq@scribd.com
460,Dur,Passler,dpasslercr@ucsd.edu
461,Loella,Hauch,lhauchcs@usatoday.com
462,Kerri,Hendrickx,khendrickxct@addtoany.com
463,Fons,Jaggli,fjagglicu@ft.com
464,Rustie,Cornner,rcornnercv@elegantthemes.com
465,Curcio,Anshell,canshellcw@wikispaces.com
466,Brice,Livingstone,blivingstonecx@smh.com.au
467,Giffer,Puvia,gpuviacy@cmu.edu
468,Quillan,Yarranton,qyarrantoncz@time.com
469,Nefen,Goldine,ngoldined0@is.gd
470,Clevey,Keaton,ckeatond1@weibo.com
471,Kat,Hayhoe,khayhoed2@51.la
472,Avril,Seccombe,aseccombed3@phpbb.com
473,Eudora,Sleeman,esleemand4@google.nl
474,Lesley,Bicksteth,lbickstethd5@eventbrite.com
475,Virgie,Spurryer,vspurryerd6@jigsy.com
476,Rusty,Scoyne,rscoyned7@mit.edu
477,Ennis,Leuchars,eleucharsd8@theguardian.com
478,Charla,Hoffman,choffmand9@woothemes.com
479,Mart,Rashleigh,mrashleighda@hp.com
480,Joannes,Willgoss,jwillgossdb@linkedin.com
481,Fraze,Redholls,fredhollsdc@google.ru
482,Lianna,Lippiett,llippiettdd@merriam-webster.com
483,Manfred,Wallice,mwallicede@over-blog.com
484,Abbe,Sibson,asibsondf@intel.com
485,Dani,Rickson,dricksondg@skyrock.com
486,Skell,Roslen,sroslendh@engadget.com
487,Jordon,Barrabeale,jbarrabealedi@hibu.com
488,Isidro,Ewers,iewersdj@oracle.com
489,Hamil,Gingell,hgingelldk@umich.edu
490,Peggy,Emmins,pemminsdl@slideshare.net
491,Sibeal,Martineau,smartineaudm@alexa.com
492,Tedd,Northcott,tnorthcottdn@mail.ru
493,Agata,Brayfield,abrayfielddo@odnoklassniki.ru
494,Rodie,Marns,rmarnsdp@ocn.ne.jp
495,Kelila,Tuiller,ktuillerdq@pen.io
496,Sidney,Krop,skropdr@reverbnation.com
497,Brittan,Castagno,bcastagnods@opera.com
498,Bev,Jancey,bjanceydt@gravatar.com
499,Reid,Tirte,rtirtedu@vistaprint.com
500,Miof mela,Mordue,mmorduedv@redcross.org
501,Paquito,Nulty,pnultydw@photobucket.com
502,Verla,Norker,vnorkerdx@redcross.org
503,Griz,Hartzog,ghartzogdy@discuz.net
504,Sorcha,Purle,spurledz@twitpic.com
505,Gaspar,Elson,gelsone0@pinterest.com
506,Hobie,Dunne,hdunnee1@china.com.cn
507,Ashlin,Brittles,abrittlese2@imgur.com
508,Rob,Ohms,rohmse3@hatena.ne.jp
509,Gardener,Gabbatt,ggabbatte4@cloudflare.com
510,Rockwell,Ratchford,rratchforde5@umich.edu
511,Shaun,Hallifax,shallifaxe6@samsung.com
512,Yetta,Albisser,yalbissere7@ustream.tv
513,Vernice,Willoughey,vwillougheye8@wunderground.com
514,Amie,Oakey,aoakeye9@comcast.net
515,Rafaelita,Paolicchi,rpaolicchiea@yandex.ru
516,Hildy,Hawler,hhawlereb@google.co.uk
517,Cam,Leate,cleateec@timesonline.co.uk
518,Ursa,Monk,umonked@nba.com
519,Harmonia,Androletti,handrolettiee@shareasale.com
520,Lishe,Largan,llarganef@huffingtonpost.com
521,Orlan,Sommerly,osommerlyeg@microsoft.com
522,Lennard,Benediktsson,lbenediktssoneh@economist.com
523,Rees,Aveyard,raveyardei@microsoft.com
524,Xavier,Tupper,xtupperej@com.com
525,Othello,Angrick,oangrickek@tamu.edu
526,Rozele,Seely,rseelyel@instagram.com
527,Gusta,Fauning,gfauningem@about.me
528,Winny,Anand,wananden@cbc.ca
529,Alvera,Keslake,akeslakeeo@sourceforge.net
530,Brantley,Iacopini,biacopiniep@aboutads.info
531,Danielle,Fairebrother,dfairebrothereq@sogou.com
532,Wanda,Eallis,wealliser@xing.com
533,Nev,Pipworth,npipworthes@newyorker.com
534,Creight,Petrolli,cpetrolliet@facebook.com
535,Tate,Hobbema,thobbemaeu@forbes.com
536,Elise,Henke,ehenkeev@wisc.edu
537,Kipper,Harlin,kharlinew@yellowbook.com
538,Crystal,Athow,cathowex@google.com.hk
539,Toiboid,Tonry,ttonryey@twitter.com
540,Fraze,Gadsdon,fgadsdonez@java.com
541,Sheffie,Dacks,sdacksf0@theguardian.com
542,Kristian,Carpe,kcarpef1@merriam-webster.com
543,Dacy,Toulch,dtoulchf2@reddit.com
544,Marinna,Gullivan,mgullivanf3@youtu.be
545,Nels,de Chastelain,ndechastelainf4@skype.com
546,Lezlie,Sandom,lsandomf5@pbs.org
547,Rollin,Threadkell,rthreadkellf6@rediff.com
548,Kenny,Sinton,ksintonf7@cisco.com
549,Faustina,MacCaffery,fmaccafferyf8@flickr.com
550,Rebekah,Helliwell,rhelliwellf9@bloomberg.com
551,Dorette,Gaucher,dgaucherfa@cam.ac.uk
552,Eleanore,Leathard,eleathardfb@google.cn
553,Denise,Rittelmeyer,drittelmeyerfc@php.net
554,Randolph,Fiddyment,rfiddymentfd@spiegel.de
555,Nana,Leethem,nleethemfe@java.com
556,Ariela,Willatts,awillattsff@youku.com
557,Collin,Yurkov,cyurkovfg@toplist.cz
558,Helga,Palk,hpalkfh@chron.com
559,Quintin,Dineen,qdineenfi@paginegialle.it
560,Meryl,Deveral,mdeveralfj@forbes.com
561,Robinett,Edmand,redmandfk@telegraph.co.uk
562,Gerome,Pugh,gpughfl@hostgator.com
563,Burl,Rowston,browstonfm@nsw.gov.au
564,Cecilia,Gomes,cgomesfn@sun.com
565,Breena,Kummerlowe,bkummerlowefo@wikispaces.com
566,Ethel,Tracey,etraceyfp@nih.gov
567,Esmeralda,Krysztowczyk,ekrysztowczykfq@wired.com
568,Morse,Roz,mrozfr@netscape.com
569,Mac,Morrant,mmorrantfs@npr.org
570,Cindie,D'eathe,cdeatheft@stumbleupon.com
571,Siouxie,Vasnetsov,svasnetsovfu@mtv.com
572,Tedd,Every,teveryfv@wunderground.com
573,Kelsey,Varndell,kvarndellfw@marriott.com
574,Neville,Deverose,ndeverosefx@example.com
575,Dav,Leabeater,dleabeaterfy@163.com
576,Minne,Pledger,mpledgerfz@accuweather.com
577,Glad,Tivnan,gtivnang0@weather.com
578,Hewet,Windram,hwindramg1@amazon.com
579,Rooney,Stutard,rstutardg2@sogou.com
580,Emlen,Hoodless,ehoodlessg3@wisc.edu
581,Weylin,Delmonti,wdelmontig4@usa.gov
582,Norris,Raeside,nraesideg5@diigo.com
583,Tadeo,Viegas,tviegasg6@deliciousdays.com
584,Ramon,Hucklesby,rhucklesbyg7@census.gov
585,Berk,Ivachyov,bivachyovg8@samsung.com
586,Iggie,Boobyer,iboobyerg9@hugedomains.com
587,Melody,Castanho,mcastanhoga@fotki.com
588,Burgess,Shewry,bshewrygb@wordpress.org
589,Merill,Heinrich,mheinrichgc@list-manage.com
590,Shaine,Fitter,sfittergd@sphinn.com
591,Edouard,Longcake,elongcakege@state.gov
592,Ogdan,Sapena,osapenagf@patch.com
593,Wakefield,Lundon,wlundongg@slashdot.org
594,Randy,Jonin,rjoningh@mlb.com
595,Obie,Sodor,osodorgi@cnn.com
596,Lucie,Every,leverygj@wikimedia.org
597,Elly,Birdsey,ebirdseygk@latimes.com
598,Alina,Addinall,aaddinallgl@smugmug.com
599,Alley,Fortye,afortyegm@stumbleupon.com
600,Aloisia,Reedie,areediegn@1688.com
601,Juliann,St. Pierre,jstpierrego@answers.com
602,Casey,Knoles,cknolesgp@census.gov
603,Rosco,Frood,rfroodgq@technorati.com
604,Leslie,Rudd,lruddgr@constantcontact.com
605,Myriam,Botterell,mbotterellgs@utexas.edu
606,Kathleen,Matschek,kmatschekgt@phoca.cz
607,Tove,Lightfoot,tlightfootgu@timesonline.co.uk
608,Kellia,Elphee,kelpheegv@multiply.com
609,Elbert,Roberti,erobertigw@census.gov
610,Minnie,Blanch,mblanchgx@sciencedaily.com
611,Sayre,Strick,sstrickgy@squarespace.com
612,Barty,Tuckerman,btuckermangz@nba.com
613,Hollis,Lamblin,hlamblinh0@cisco.com
614,Philippe,Sclater,psclaterh1@hao123.com
615,Kristal,Boycott,kboycotth2@comsenz.com
616,Nadean,Hewkin,nhewkinh3@slashdot.org
617,Janek,Retchford,jretchfordh4@a8.net
618,Cordelia,Rieme,criemeh5@jugem.jp
619,Urbain,Gillitt,ugillitth6@parallels.com
620,Minor,Lowing,mlowingh7@unesco.org
621,Tucker,Neiland,tneilandh8@addthis.com
622,Leelah,Redon,lredonh9@omniture.com
623,Earlie,Degoey,edegoeyha@dailymotion.com
624,Karole,Stadding,kstaddinghb@technorati.com
625,Korrie,Echallier,kechallierhc@sphinn.com
626,Alvis,Lingwood,alingwoodhd@oaic.gov.au
627,Steffen,Custy,scustyhe@china.com.cn
628,Rex,Sponer,rsponerhf@so-net.ne.jp
629,Frederique,Lloyds,flloydshg@cbsnews.com
630,Ignaz,Filyukov,ifilyukovhh@go.com
631,Deny,Chastand,dchastandhi@scientificamerican.com
632,Steward,Laxton,slaxtonhj@sourceforge.net
633,Onida,Ventura,oventurahk@devhub.com
634,Sallee,Solly,ssollyhl@cnn.com
635,Doro,Morphet,dmorphethm@webs.com
636,Valry,Linford,vlinfordhn@creativecommons.org
637,Carleton,Llewellyn,cllewellynho@1und1.de
638,Clemmie,Belleny,cbellenyhp@auda.org.au
639,Mavis,Lilly,mlillyhq@ft.com
640,Guss,Peers,gpeershr@timesonline.co.uk
641,Loren,Bann,lbannhs@virginia.edu
642,Granny,Queste,gquesteht@discuz.net
643,Matthieu,Trobe,mtrobehu@sphinn.com
644,Lorens,Polini,lpolinihv@google.com.br
645,Bonnibelle,Toe,btoehw@disqus.com
646,Harwilll,McCarlich,hmccarlichhx@wp.com
647,Francklyn,Robertson,frobertsonhy@tuttocitta.it
648,Ker,Rameau,krameauhz@google.it
649,Clementine,Bratt,cbratti0@forbes.com
650,Farley,Longworth,flongworthi1@weebly.com
651,Courtnay,Lippett,clippetti2@booking.com
652,Sidoney,Ottey,sotteyi3@tripod.com
653,Sindee,Cases,scasesi4@shop-pro.jp
654,Ethelyn,Jessopp,ejessoppi5@digg.com
655,Harlene,Mathissen,hmathisseni6@google.pl
656,Lanie,Boken,lbokeni7@google.co.uk
657,Kaylee,Coale,kcoalei8@e-recht24.de
658,Hewett,Toone,htoonei9@shutterfly.com
659,Randi,Godfrey,rgodfreyia@comcast.net
660,Faulkner,Timewell,ftimewellib@biblegateway.com
661,Alexandro,Doylend,adoylendic@redcross.org
662,Earle,Jillis,ejillisid@wikia.com
663,Jose,Poe,jpoeie@washingtonpost.com
664,Quinta,O'Grady,qogradyif@yale.edu
665,Deane,Buckhurst,dbuckhurstig@twitter.com
666,Willy,Satch,wsatchih@ox.ac.uk
667,Bertrand,Somerville,bsomervilleii@parallels.com
668,Ludovico,Kilborn,lkilbornij@home.pl
669,Cirillo,Swetmore,cswetmoreik@123-reg.co.uk
670,Minna,di Rocca,mdiroccail@ask.com
671,Dennie,Andre,dandreim@mac.com
672,Dicky,Kubiak,dkubiakin@redcross.org
673,Leanora,Vinick,lvinickio@craigslist.org
674,Chelsea,Fison,cfisonip@bandcamp.com
675,Aloise,Gregan,agreganiq@abc.net.au
676,Norean,Carus,ncarusir@chron.com
677,Brenden,Harborow,bharborowis@wunderground.com
678,Dominica,Jancik,djancikit@webmd.com
679,Brucie,Coker,bcokeriu@pen.io
680,Ashil,Schirach,aschirachiv@seattletimes.com
681,Hedi,Corless,hcorlessiw@geocities.com
682,Eugenie,Calbreath,ecalbreathix@xing.com
683,Cecil,Twinborne,ctwinborneiy@narod.ru
684,Georgiana,Peche,gpecheiz@plala.or.jp
685,Robers,Statersfield,rstatersfieldj0@issuu.com
686,Simonne,Coxwell,scoxwellj1@live.com
687,Denise,Virr,dvirrj2@sbwire.com
688,Ronda,Keld,rkeldj3@surveymonkey.com
689,Dacy,Cowdroy,dcowdroyj4@springer.com
690,Amii,Glanfield,aglanfieldj5@goo.gl
691,Willow,Fulk,wfulkj6@hao123.com
692,Helenka,Tittletross,htittletrossj7@craigslist.org
693,Hermine,Edwards,hedwardsj8@cbsnews.com
694,Marje,d' Elboux,mdelbouxj9@spiegel.de
695,Tadio,Plitz,tplitzja@shinystat.com
696,Maximilianus,Rigge,mriggejb@nps.gov
697,Donny,Fierman,dfiermanjc@mac.com
698,Linnea,Smowton,lsmowtonjd@home.pl
699,Claudianus,Abba,cabbaje@tumblr.com
700,Keelia,Casarili,kcasarilijf@house.gov
701,Kirsti,Von Gladbach,kvongladbachjg@bloomberg.com
702,Gunner,Gotthard.sf,ggotthardsfjh@facebook.com
703,Uriel,Srutton,usruttonji@google.com
704,Gram,Hatherall,ghatheralljj@eepurl.com
705,Thekla,Danilovitch,tdanilovitchjk@google.com.hk
706,Ellyn,Ivashintsov,eivashintsovjl@purevolume.com
707,Julieta,Twiggs,jtwiggsjm@liveinternet.ru
708,Carolyne,Koschek,ckoschekjn@histats.com
709,Chalmers,Radmer,cradmerjo@moonfruit.com
710,Kellie,Agge,kaggejp@wikipedia.org
711,Helen,Curman,hcurmanjq@tinypic.com
712,Warde,Baynam,wbaynamjr@ed.gov
713,Luther,Joris,ljorisjs@squidoo.com
714,Kirstyn,Espasa,kespasajt@trellian.com
715,Deana,Thistleton,dthistletonju@artisteer.com
716,Moss,Aberdein,maberdeinjv@businessinsider.com
717,Wynn,Beneteau,wbeneteaujw@bigcartel.com
718,Araldo,Celes,acelesjx@g.co
719,Trish,Luttgert,tluttgertjy@ftc.gov
720,Oliy,Phippen,ophippenjz@disqus.com
721,Lorrie,Shinn,lshinnk0@nps.gov
722,Mikkel,Lythgoe,mlythgoek1@printfriendly.com
723,Perkin,Phetteplace,pphetteplacek2@house.gov
724,Lanny,Iohananof,liohananofk3@howstuffworks.com
725,Jehu,Choldcroft,jcholdcroftk4@techcrunch.com
726,Janaya,Passmore,jpassmorek5@cdc.gov
727,Daryl,Vatcher,dvatcherk6@blogtalkradio.com
728,Marie,Osban,mosbank7@cpanel.net
729,Vaughan,Woolliams,vwoolliamsk8@examiner.com
730,Ame,Turban,aturbank9@google.nl
731,Sheila,Broady,sbroadyka@omniture.com
732,Merrilee,Gallimore,mgallimorekb@cdbaby.com
733,Reggy,Phalp,rphalpkc@liveinternet.ru
734,Tommie,Jeannet,tjeannetkd@discuz.net
735,Marietta,Blowfield,mblowfieldke@fema.gov
736,Ganny,Caulcutt,gcaulcuttkf@alibaba.com
737,Herc,Fludder,hfludderkg@mediafire.com
738,Haleigh,Sneyd,hsneydkh@cdc.gov
739,Coral,Ochterlonie,cochterlonieki@slashdot.org
740,Annamaria,Benbough,abenboughkj@seesaa.net
741,Karoly,Hischke,khischkekk@hostgator.com
742,Kippie,Spreadbury,kspreadburykl@google.com
743,Etan,Baber,ebaberkm@dion.ne.jp
744,Loren,Goodwyn,lgoodwynkn@wikia.com
745,Finn,Jeens,fjeensko@shop-pro.jp
746,Zared,Lingner,zlingnerkp@odnoklassniki.ru
747,Corbie,Gurg,cgurgkq@springer.com
748,Karen,Armstrong,karmstrongkr@is.gd
749,Yancey,Celier,ycelierks@vimeo.com
750,North,Masedon,nmasedonkt@aboutads.info
751,Vinnie,Winteringham,vwinteringhamku@discuz.net
752,Sheffy,Chaffin,schaffinkv@guardian.co.uk
753,Benita,Raspin,braspinkw@yahoo.co.jp
754,Giacopo,Abbots,gabbotskx@mysql.com
755,Babara,Hardson,bhardsonky@multiply.com
756,Cy,Sapsforde,csapsfordekz@pbs.org
757,Carmina,Brognot,cbrognotl0@storify.com
758,Kerrin,Dunckley,kdunckleyl1@networksolutions.com
759,Wolfgang,Crapper,wcrapperl2@comcast.net
760,Orran,Jickles,ojicklesl3@amazon.de
761,Joby,Heinecke,jheineckel4@howstuffworks.com
762,Tommy,Stanning,tstanningl5@nasa.gov
763,Alika,Downton,adowntonl6@prweb.com
764,Dionis,Vasile,dvasilel7@shutterfly.com
765,Neala,Capeloff,ncapeloffl8@dmoz.org
766,Liesa,Laxen,llaxenl9@quantcast.com
767,Konstanze,Byllam,kbyllamla@bloomberg.com
768,Anselma,Grelak,agrelaklb@salon.com
769,Marylee,Steiner,msteinerlc@yahoo.co.jp
770,Ryun,Shearman,rshearmanld@angelfire.com
771,Eduardo,Hebditch,ehebditchle@uiuc.edu
772,Obie,Keysel,okeysellf@yandex.ru
773,Georgi,Bees,gbeeslg@github.io
774,Kalie,Themann,kthemannlh@about.me
775,Marybeth,Pardon,mpardonli@histats.com
776,Myrtle,Milmoe,mmilmoelj@opensource.org
777,Nate,Marriner,nmarrinerlk@storify.com
778,Renaud,Killough,rkilloughll@gov.uk
779,Elyssa,Impett,eimpettlm@disqus.com
780,Gail,Cinderey,gcindereyln@tripadvisor.com
781,Saudra,Fremantle,sfremantlelo@hexun.com
782,Morgen,Bubbings,mbubbingslp@hud.gov
783,Johna,Popworth,jpopworthlq@google.co.uk
784,Catie,Bleackly,cbleacklylr@squarespace.com
785,Randy,Edinburough,redinburoughls@hud.gov
786,Nanice,Peltzer,npeltzerlt@chron.com
787,Lucita,Capeling,lcapelinglu@aboutads.info
788,Maud,Colleck,mcollecklv@angelfire.com
789,Fae,Tutt,ftuttlw@google.com
790,Nealon,Petrushanko,npetrushankolx@cpanel.net
791,Mason,Extance,mextancely@edublogs.org
792,Kessia,Painswick,kpainswicklz@hao123.com
793,Randa,Bollands,rbollandsm0@ucoz.com
794,Jessi,Beininck,jbeininckm1@gov.uk
795,Lancelot,Stonehewer,lstonehewerm2@gravatar.com
796,Dolph,Atherley,datherleym3@ihg.com
797,L;urette,Hymer,lhymerm4@go.com
798,Dov,Burburough,dburburoughm5@opera.com
799,Hillary,Aveson,havesonm6@digg.com
800,Bea,Yendall,byendallm7@go.com
801,Cindelyn,Mewett,cmewettm8@ezinearticles.com
802,Cyril,Pfertner,cpfertnerm9@about.me
803,Georgi,Blesdill,gblesdillma@google.pl
804,Ambros,Tincombe,atincombemb@wp.com
805,Sasha,Edgerley,sedgerleymc@bloglines.com
806,Thornton,Rawlings,trawlingsmd@newyorker.com
807,Valerie,Gummery,vgummeryme@nasa.gov
808,Daphene,Rothermel,drothermelmf@homestead.com
809,Zebadiah,Gentery,zgenterymg@time.com
810,Brittni,Thackham,bthackhammh@cafepress.com
811,Alika,Stowers,astowersmi@yahoo.co.jp
812,Clayborn,Clynman,cclynmanmj@1688.com
813,Diahann,Rosenberg,drosenbergmk@google.com.hk
814,Federica,Cleveley,fcleveleyml@ed.gov
815,Damara,Vecard,dvecardmm@weibo.com
816,Ilyssa,Treend,itreendmn@cloudflare.com
817,Hersch,Sandcroft,hsandcroftmo@people.com.cn
818,Gussie,Sellar,gsellarmp@hexun.com
819,Shirlene,Liversidge,sliversidgemq@deviantart.com
820,Charyl,Le Blanc,cleblancmr@google.de
821,Rosanna,Huddles,rhuddlesms@sourceforge.net
822,Dre,Winley,dwinleymt@vistaprint.com
823,Nadiya,Mankor,nmankormu@fastcompany.com
824,Lynn,Brugger,lbruggermv@admin.ch
825,Ebonee,Crayk,ecraykmw@booking.com
826,Riki,Fenney,rfenneymx@bbc.co.uk
827,Stephani,Askham,saskhammy@com.com
828,Dewie,Iuorio,diuoriomz@liveinternet.ru
829,Izabel,Evanson,ievansonn0@google.nl
830,John,Fettes,jfettesn1@ow.ly
831,Bartie,Chuck,bchuckn2@sciencedaily.com
832,Tobey,Hince,thincen3@engadget.com
833,Jacqui,Ferro,jferron4@wix.com
834,Guillaume,Skeath,gskeathn5@theglobeandmail.com
835,Avril,Oleksiak,aoleksiakn6@vimeo.com
836,Abner,MacKim,amackimn7@pbs.org
837,Whitney,Mohamed,wmohamedn8@unicef.org
838,Karena,Olyet,kolyetn9@typepad.com
839,Audi,Terbeck,aterbeckna@smh.com.au
840,Stephie,Hakonsson,shakonssonnb@pinterest.com
841,Odessa,Boxe,oboxenc@reference.com
842,Alidia,Hubbard,ahubbardnd@alexa.com
843,Trever,Jaulmes,tjaulmesne@de.vu
844,Alix,Maberley,amaberleynf@sakura.ne.jp
845,Ekaterina,Ubsdell,eubsdellng@trellian.com
846,Wake,Hibbart,whibbartnh@constantcontact.com
847,Hershel,Powis,hpowisni@skyrock.com
848,Ivor,Macvey,imacveynj@indiegogo.com
849,Tracey,Laying,tlayingnk@over-blog.com
850,Izak,Goomes,igoomesnl@artisteer.com
851,Letitia,Boyer,lboyernm@nationalgeographic.com
852,Penelope,Staining,pstainingnn@imdb.com
853,Noam,McHenry,nmchenryno@1688.com
854,Breanne,Denzey,bdenzeynp@shareasale.com
855,Annmaria,Longland,alonglandnq@theglobeandmail.com
856,Mavis,Cockson,mcocksonnr@guardian.co.uk
857,Granny,Brunesco,gbrunescons@themeforest.net
858,Hunfredo,Lowdeane,hlowdeanent@slate.com
859,Tabbi,Rothera,trotheranu@gov.uk
860,Gordy,Pestor,gpestornv@independent.co.uk
861,Addy,Giovannini,agiovannininw@printfriendly.com
862,Clerc,Bestall,cbestallnx@netlog.com
863,Willdon,Bethel,wbethelny@baidu.com
864,Kaylil,Stallebrass,kstallebrassnz@bigcartel.com
865,Duncan,Di Biaggi,ddibiaggio0@indiegogo.com
866,Janella,D'Alessio,jdalessioo1@china.com.cn
867,Stefanie,Tireman,stiremano2@chronoengine.com
868,Marrilee,Ferney,mferneyo3@amazonaws.com
869,Ailis,Sharpus,asharpuso4@psu.edu
870,Pavel,Hickenbottom,phickenbottomo5@wikispaces.com
871,Eben,Jensen,ejenseno6@pen.io
872,Ashton,Duthy,aduthyo7@prnewswire.com
873,Gay,Belfit,gbelfito8@gmpg.org
874,Mic,Woolgar,mwoolgaro9@feedburner.com
875,Sal,Gallop,sgallopoa@trellian.com
876,Shela,Dybell,sdybellob@hexun.com
877,Boris,Trower,btroweroc@harvard.edu
878,Goldia,McGilroy,gmcgilroyod@studiopress.com
879,Donalt,Blythin,dblythinoe@paypal.com
880,Edward,Danbury,edanburyof@merriam-webster.com
881,Sonja,Warr,swarrog@deviantart.com
882,Billie,De Lacey,bdelaceyoh@technorati.com
883,Etta,Guest,eguestoi@opera.com
884,Thornton,Keddle,tkeddleoj@macromedia.com
885,Prue,Janikowski,pjanikowskiok@csmonitor.com
886,Elfreda,Salman,esalmanol@newyorker.com
887,Harold,Phippin,hphippinom@nydailynews.com
888,Arleyne,McGuiney,amcguineyon@usa.gov
889,Penelopa,Brotheridge,pbrotheridgeoo@pen.io
890,Daveen,Damiral,ddamiralop@myspace.com
891,Lib,Sephton,lsephtonoq@tumblr.com
892,Cinnamon,Noquet,cnoquetor@smh.com.au
893,Guglielmo,Weddell,gweddellos@shutterfly.com
894,Nat,Chesney,nchesneyot@buzzfeed.com
895,Wolf,Fabbro,wfabbroou@census.gov
896,Eddi,Goulston,egoulstonov@hatena.ne.jp
897,Fawne,Maleham,fmalehamow@ibm.com
898,Kelwin,Marwick,kmarwickox@slashdot.org
899,Nelson,O' Timony,notimonyoy@prnewswire.com
900,Phylys,Cassedy,pcassedyoz@quantcast.com
901,Moritz,Stowers,mstowersp0@wufoo.com
902,Donal,Canham,dcanhamp1@qq.com
903,Irvine,Auchterlony,iauchterlonyp2@forbes.com
904,Suellen,Rumney,srumneyp3@tmall.com
905,Grantham,Tranfield,gtranfieldp4@jugem.jp
906,Julietta,Imore,jimorep5@wix.com
907,Stevie,MacNeilage,smacneilagep6@woothemes.com
908,Annabell,Claque,aclaquep7@nsw.gov.au
909,Land,Sands,lsandsp8@addtoany.com
910,Ilse,Sedgemore,isedgemorep9@slashdot.org
911,Theodora,Mordie,tmordiepa@typepad.com
912,Hendrik,Roddam,hroddampb@cpanel.net
913,Nikki,Fenlon,nfenlonpc@phoca.cz
914,Christabella,Garwell,cgarwellpd@surveymonkey.com
915,Stu,Thripp,sthripppe@godaddy.com
916,Netty,Sarfat,nsarfatpf@github.io
917,Chrissy,Gascoyen,cgascoyenpg@4shared.com
918,Gregoor,Sibley,gsibleyph@usatoday.com
919,Sinclare,Rosone,srosonepi@ucoz.com
920,Cyrille,Held,cheldpj@telegraph.co.uk
921,Viva,Shimwall,vshimwallpk@nasa.gov
922,Geordie,Tamblyn,gtamblynpl@comsenz.com
923,Shea,Bodiam,sbodiampm@reference.com
924,Riobard,Matzen,rmatzenpn@jugem.jp
925,Mason,Oakden,moakdenpo@prweb.com
926,Merl,Ruddiman,mruddimanpp@yahoo.com
927,Bennett,Lorence,blorencepq@yellowpages.com
928,Knox,Atlay,katlaypr@barnesandnoble.com
929,Perrine,Carnalan,pcarnalanps@pbs.org
930,Ashton,Bunston,abunstonpt@wix.com
931,Dmitri,Danev,ddanevpu@noaa.gov
932,Cornell,Ruger,crugerpv@si.edu
933,Pavel,Mutlow,pmutlowpw@samsung.com
934,Kenny,Tolchar,ktolcharpx@nydailynews.com
935,Rosabelle,Jallin,rjallinpy@instagram.com
936,Conny,Frarey,cfrareypz@oakley.com
937,Johann,Plaster,jplasterq0@admin.ch
938,Demetria,Caldaro,dcaldaroq1@squidoo.com
939,Moina,Davsley,mdavsleyq2@umn.edu
940,Janene,Greenham,jgreenhamq3@uol.com.br
941,Zelig,Hullins,zhullinsq4@ycombinator.com
942,Robinson,Hardwick,rhardwickq5@marketwatch.com
943,Elfrida,Ciobutaro,eciobutaroq6@vk.com
944,Appolonia,Aldcorne,aaldcorneq7@vk.com
945,Jesse,Bennell,jbennellq8@networkadvertising.org
946,Jenilee,Rosterne,jrosterneq9@prnewswire.com
947,Pacorro,Whybrow,pwhybrowqa@prlog.org
948,Van,Blackshaw,vblackshawqb@theglobeandmail.com
949,Grantley,Pym,gpymqc@vimeo.com
950,Theodore,Grinnikov,tgrinnikovqd@sciencedaily.com
951,Berti,Jerrems,bjerremsqe@ovh.net
952,Elvin,Cawsy,ecawsyqf@arizona.edu
953,Elly,Nuth,enuthqg@smh.com.au
954,Evangelin,Basilotta,ebasilottaqh@rambler.ru
955,Gloria,Abilowitz,gabilowitzqi@homestead.com
956,Licha,McFade,lmcfadeqj@fema.gov
957,Merl,Jerche,mjercheqk@yahoo.com
958,Calypso,Tixier,ctixierql@wired.com
959,Guthrie,Janeway,gjanewayqm@reddit.com
960,Eleonore,Maydway,emaydwayqn@last.fm
961,Delano,Hobben,dhobbenqo@globo.com
962,Mireielle,Aubrey,maubreyqp@nsw.gov.au
963,Batsheva,Guislin,bguislinqq@barnesandnoble.com
964,Hercule,Hailwood,hhailwoodqr@ovh.net
965,Fletcher,Ryan,fryanqs@eepurl.com
966,Fredrick,Braundt,fbraundtqt@biblegateway.com
967,Will,Allaway,wallawayqu@tamu.edu
968,Marguerite,Faloon,mfaloonqv@comcast.net
969,Edgardo,Cosker,ecoskerqw@unc.edu
970,Ely,Hannis,ehannisqx@nydailynews.com
971,Andre,Ticehurst,aticehurstqy@i2i.jp
972,Emelia,Livick,elivickqz@rakuten.co.jp
973,Emmeline,Noriega,enoriegar0@zimbio.com
974,Arvie,Baistow,abaistowr1@unc.edu
975,Latia,Piscopiello,lpiscopiellor2@t-online.de
976,Pauletta,Stollmeier,pstollmeierr3@bloomberg.com
977,Sherrie,Milbourn,smilbournr4@mlb.com
978,Morry,Hollindale,mhollindaler5@reverbnation.com
979,Deni,Wimpey,dwimpeyr6@apache.org
980,Rosemonde,Riddington,rriddingtonr7@yahoo.com
981,Nicolette,Stairmand,nstairmandr8@phpbb.com
982,Kate,Foyle,kfoyler9@miibeian.gov.cn
983,Manuel,Breeze,mbreezera@github.com
984,Joan,Smullin,jsmullinrb@businessweek.com
985,Mirilla,Blampied,mblampiedrc@imdb.com
986,Lori,Viel,lvielrd@biglobe.ne.jp
987,Katha,Gally,kgallyre@wikia.com
988,Gusta,Monnery,gmonneryrf@dot.gov
989,Kore,Newe,knewerg@friendfeed.com
990,Mitchel,Plews,mplewsrh@photobucket.com
991,Kippy,Whitsey,kwhitseyri@hibu.com
992,Cherish,Arnao,carnaorj@desdev.cn
993,Jenine,Taylerson,jtaylersonrk@imdb.com
994,Gertie,Irlam,girlamrl@europa.eu
995,Carilyn,Braunton,cbrauntonrm@webeden.co.uk
996,Ansell,Trynor,atrynorrn@alexa.com
997,Rollie,Pethrick,rpethrickro@hexun.com
998,Adam,Kollaschek,akollaschekrp@squarespace.com
999,Titos,Cribbin,tcribbinrq@bravesites.com
1000,Bibbie,Spellacey,bspellaceyrr@devhub.com
